allInPings,assistMePings,assists,baronKills,basicPings,champExperience,champLevel,championId,championName,championTransform,commandPings,consumablesPurchased,damageDealtToBuildings,damageDealtToObjectives,damageDealtToTurrets,damageSelfMitigated,dangerPings,deaths,detectorWardsPlaced,doubleKills,dragonKills,eligibleForProgression,enemyMissingPings,enemyVisionPings,firstBloodAssist,firstBloodKill,firstTowerAssist,firstTowerKill,gameEndedInEarlySurrender,gameEndedInSurrender,getBackPings,goldEarned,goldSpent,holdPings,individualPosition,inhibitorKills,inhibitorTakedowns,inhibitorsLost,item0,item1,item2,item3,item4,item5,item6,itemsPurchased,killingSprees,kills,lane,largestCriticalStrike,largestKillingSpree,largestMultiKill,longestTimeSpentLiving,magicDamageDealt,magicDamageDealtToChampions,magicDamageTaken,needVisionPings,neutralMinionsKilled,nexusKills,nexusLost,nexusTakedowns,objectivesStolen,objectivesStolenAssists,onMyWayPings,participantId,pentaKills,physicalDamageDealt,physicalDamageDealtToChampions,physicalDamageTaken,placement,playerAugment1,playerAugment2,playerAugment3,playerAugment4,playerAugment5,playerAugment6,playerSubteamId,profileIcon,pushPings,puuid,quadraKills,retreatPings,riotIdGameName,riotIdTagline,role,sightWardsBoughtInGame,spell1Casts,spell2Casts,spell3Casts,spell4Casts,subteamPlacement,summoner1Casts,summoner1Id,summoner2Casts,summoner2Id,summonerId,summonerLevel,summonerName,teamEarlySurrendered,teamId,teamPosition,timeCCingOthers,timePlayed,totalAllyJungleMinionsKilled,totalDamageDealt,totalDamageDealtToChampions,totalDamageShieldedOnTeammates,totalDamageTaken,totalEnemyJungleMinionsKilled,totalHeal,totalHealsOnTeammates,totalMinionsKilled,totalTimeCCDealt,totalTimeSpentDead,totalUnitsHealed,tripleKills,trueDamageDealt,trueDamageDealtToChampions,trueDamageTaken,turretKills,turretTakedowns,turretsLost,unrealKills,visionClearedPings,visionScore,visionWardsBoughtInGame,wardsKilled,wardsPlaced,win,match_id,game_duration,game_mode,game_type,queue_id,game_version,game_creation,game_end,perks.statPerks.defense,perks.statPerks.flex,perks.statPerks.offense,perks.styles,bountyLevel
0,0,6,0,0,18179,17,901,Smolder,0,2,5,3027,20496,3027,15933,0,4,4,2,0,True,0,0,False,False,False,True,False,False,0,16065,12830,0,BOTTOM,1,1,0,3161,3508,0,3035,3171,3031,3364,24,3,13,BOTTOM,754,7,2,631,13381,2940,9839,0,19,0,0,1,0,0,5,9,0,178553,24426,15841,0,0,0,0,0,0,0,0,6852,0,U3fXW6HC3JpGV72px0i9_-yUAnXCClhqkhAUcatcwtso_1lzP9tp2sWU3RLL3Yugf4IuWbxJ-peSEA,0,0,BANGBANG,7999,CARRY,0,178,65,44,10,0,6,21,2,4,K-Awmc8YVtI9h0zevEK0ULdvOh6WqydZPrKOWpTkiGMvlpoi,319,,False,200,BOTTOM,10,2065,4,202080,29513,0,26321,7,9674,0,216,207,130,1,0,10144,2146,641,2,4,3,0,0,29,4,4,11,True,NA1_5335539119,2065,CLASSIC,MATCHED_GAME,420,15.15.699.7589,1753926868320,1753929024776,5011,5008,5005,"[{'description': 'primaryStyle', 'selections': [{'perk': 8021, 'var1': 1805, 'var2': 0, 'var3': 0}, {'perk': 8009, 'var1': 1179, 'var2': 0, 'var3': 0}, {'perk': 9103, 'var1': 19, 'var2': 50, 'var3': 0}, {'perk': 8017, 'var1': 1021, 'var2': 0, 'var3': 0}], 'style': 8000}, {'description': 'subStyle', 'selections': [{'perk': 8345, 'var1': 3, 'var2': 0, 'var3': 172}, {'perk': 8304, 'var1': 10, 'var2': 3, 'var3': 0}], 'style': 8300}]",
0,0,11,0,0,18072,17,145,Kaisa,0,0,2,2917,13257,2917,27048,0,8,1,1,0,True,2,0,False,False,False,False,False,False,0,17142,15275,0,BOTTOM,0,0,3,3072,6672,3124,3115,3006,1058,3364,27,3,9,BOTTOM,0,3,2,601,63731,20561,9383,0,16,0,1,0,0,0,2,9,0,171093,22746,18568,0,0,0,0,0,0,0,0,6852,0,U3fXW6HC3JpGV72px0i9_-yUAnXCClhqkhAUcatcwtso_1lzP9tp2sWU3RLL3Yugf4IuWbxJ-peSEA,0,1,BANGBANG,7999,CARRY,0,77,58,100,13,0,8,21,4,4,K-Awmc8YVtI9h0zevEK0ULdvOh6WqydZPrKOWpTkiGMvlpoi,319,,False,200,BOTTOM,1,2213,6,248336,44695,0,29523,4,7022,0,249,25,229,1,0,13510,1388,1571,2,2,11,0,0,18,1,5,4,False,NA1_5334986868,2213,CLASSIC,MATCHED_GAME,420,15.14.697.2104,1753853863804,1753856100743,5011,5008,5005,"[{'description': 'primaryStyle', 'selections': [{'perk': 8008, 'var1': 1168, 'var2': 1168, 'var3': 0}, {'perk': 9111, 'var1': 1499, 'var2': 400, 'var3': 0}, {'perk': 9104, 'var1': 17, 'var2': 0, 'var3': 0}, {'perk': 8017, 'var1': 1349, 'var2': 0, 'var3': 0}], 'style': 8000}, {'description': 'subStyle', 'selections': [{'perk': 8345, 'var1': 3, 'var2': 0, 'var3': 229}, {'perk': 8304, 'var1': 10, 'var2': 3, 'var3': 0}], 'style': 8300}]",
0,0,11,0,0,17165,17,15,Sivir,0,1,3,2479,21039,2479,18784,0,5,1,1,0,True,4,0,True,False,False,False,False,False,0,15241,14650,0,BOTTOM,0,0,0,3033,3032,3031,3172,6675,0,3340,25,2,8,BOTTOM,605,3,2,696,90,90,8840,0,14,0,0,0,0,0,4,4,0,218886,29609,12561,0,0,0,0,0,0,0,0,6852,0,U3fXW6HC3JpGV72px0i9_-yUAnXCClhqkhAUcatcwtso_1lzP9tp2sWU3RLL3Yugf4IuWbxJ-peSEA,0,0,BANGBANG,7999,CARRY,0,84,78,10,7,0,5,21,5,4,K-Awmc8YVtI9h0zevEK0ULdvOh6WqydZPrKOWpTkiGMvlpoi,318,,False,100,BOTTOM,2,2077,4,220551,30037,0,22068,10,4097,0,240,50,165,1,0,1575,337,666,2,3,2,0,0,25,2,4,12,True,NA1_5334960534,2077,CLASSIC,MATCHED_GAME,420,15.14.697.2104,1753851301759,1753853398760,5011,5008,5005,"[{'description': 'primaryStyle', 'selections': [{'perk': 8008, 'var1': 628, 'var2': 628, 'var3': 0}, {'perk': 8009, 'var1': 2273, 'var2': 0, 'var3': 0}, {'perk': 9104, 'var1': 13, 'var2': 40, 'var3': 0}, {'perk': 8014, 'var1': 634, 'var2': 0, 'var3': 0}], 'style': 8000}, {'description': 'subStyle', 'selections': [{'perk': 8345, 'var1': 3, 'var2': 0, 'var3': 177}, {'perk': 8316, 'var1': 7, 'var2': 10, 'var3': 0}], 'style': 8300}]",
0,0,2,0,0,12312,14,122,Darius,0,0,3,5733,6385,5733,8571,0,1,2,0,0,True,1,0,False,False,False,False,False,True,0,8941,7208,0,TOP,0,0,0,1054,3078,0,3047,1037,2021,3340,13,1,5,TOP,0,4,1,1041,0,0,5612,0,8,0,0,0,0,0,1,6,0,95559,9110,6078,0,0,0,0,0,0,0,0,6852,0,U3fXW6HC3JpGV72px0i9_-yUAnXCClhqkhAUcatcwtso_1lzP9tp2sWU3RLL3Yugf4IuWbxJ-peSEA,0,0,BANGBANG,7999,SOLO,0,53,58,13,5,0,3,6,3,4,K-Awmc8YVtI9h0zevEK0ULdvOh6WqydZPrKOWpTkiGMvlpoi,318,,False,200,TOP,12,1205,2,100641,11602,0,12698,4,3332,0,151,80,40,1,0,5081,2491,1007,2,2,0,0,0,10,2,0,9,True,NA1_5334022246,1205,CLASSIC,MATCHED_GAME,420,15.14.697.2104,1753729138808,1753730363970,5001,5008,5005,"[{'description': 'primaryStyle', 'selections': [{'perk': 8010, 'var1': 321, 'var2': 0, 'var3': 0}, {'perk': 9111, 'var1': 556, 'var2': 140, 'var3': 0}, {'perk': 9105, 'var1': 15, 'var2': 0, 'var3': 0}, {'perk': 8299, 'var1': 267, 'var2': 0, 'var3': 0}], 'style': 8000}, {'description': 'subStyle', 'selections': [{'perk': 8446, 'var1': 2024, 'var2': 0, 'var3': 0}, {'perk': 8473, 'var1': 443, 'var2': 0, 'var3': 0}], 'style': 8400}]",
0,0,5,0,0,13656,15,86,Garen,0,0,3,0,1627,0,30085,0,5,2,0,0,True,1,0,False,False,False,False,False,False,0,8919,8400,0,TOP,0,0,4,1054,6631,1036,3071,3006,0,3340,19,0,2,TOP,0,0,1,546,475,226,11768,0,6,0,1,0,0,0,0,6,0,132591,9541,15630,0,0,0,0,0,0,0,0,6852,0,U3fXW6HC3JpGV72px0i9_-yUAnXCClhqkhAUcatcwtso_1lzP9tp2sWU3RLL3Yugf4IuWbxJ-peSEA,0,0,BANGBANG,7999,SOLO,0,74,20,60,6,0,5,14,3,4,K-Awmc8YVtI9h0zevEK0ULdvOh6WqydZPrKOWpTkiGMvlpoi,318,,False,200,TOP,35,1613,2,137382,13681,0,28169,0,2404,0,190,266,119,1,0,4315,3913,770,0,0,13,0,0,13,2,1,9,False,NA1_5333891428,1613,CLASSIC,MATCHED_GAME,420,15.14.697.2104,1753690400341,1753692034054,5013,5008,5008,"[{'description': 'primaryStyle', 'selections': [{'perk': 8010, 'var1': 598, 'var2': 0, 'var3': 0}, {'perk': 9111, 'var1': 593, 'var2': 140, 'var3': 0}, {'perk': 9105, 'var1': 19, 'var2': 20, 'var3': 0}, {'perk': 8299, 'var1': 812, 'var2': 0, 'var3': 0}], 'style': 8000}, {'description': 'subStyle', 'selections': [{'perk': 8224, 'var1': 30, 'var2': 363, 'var3': 0}, {'perk': 8234, 'var1': 8626, 'var2': 0, 'var3': 0}], 'style': 8200}]",
0,0,8,0,0,11316,13,1,Annie,0,1,4,1245,2409,1245,8113,0,8,2,0,0,True,6,0,False,False,False,False,False,False,0,7923,7650,0,MIDDLE,0,0,1,1056,3118,3020,4646,1052,0,3340,21,0,2,MIDDLE,0,0,1,333,65388,12416,12812,0,0,0,1,0,0,0,0,3,0,5744,670,5624,0,0,0,0,0,0,0,0,6852,0,U3fXW6HC3JpGV72px0i9_-yUAnXCClhqkhAUcatcwtso_1lzP9tp2sWU3RLL3Yugf4IuWbxJ-peSEA,0,0,BANGBANG,7999,SOLO,0,124,61,50,9,0,6,14,4,4,K-Awmc8YVtI9h0zevEK0ULdvOh6WqydZPrKOWpTkiGMvlpoi,318,,False,100,MIDDLE,17,1666,0,72367,14196,924,18846,0,2251,0,120,233,231,1,0,1234,1108,409,1,1,7,0,0,19,2,1,9,False,NA1_5333881494,1666,CLASSIC,MATCHED_GAME,420,15.14.697.2104,1753688293966,1753690009517,5001,5008,5008,"[{'description': 'primaryStyle', 'selections': [{'perk': 8112, 'var1': 1093, 'var2': 0, 'var3': 0}, {'perk': 8126, 'var1': 377, 'var2': 0, 'var3': 0}, {'perk': 8140, 'var1': 10, 'var2': 0, 'var3': 0}, {'perk': 8105, 'var1': 40, 'var2': 5, 'var3': 0}], 'style': 8100}, {'description': 'subStyle', 'selections': [{'perk': 8224, 'var1': 38, 'var2': 262, 'var3': 0}, {'perk': 8236, 'var1': 24, 'var2': 0, 'var3': 0}], 'style': 8200}]",
0,0,8,0,0,15252,16,134,Syndra,0,3,5,756,2581,756,10135,0,4,3,0,0,True,1,0,False,False,False,False,False,False,0,10685,8825,0,MIDDLE,0,0,1,1056,2503,4629,1058,0,3020,3340,19,1,6,MIDDLE,0,6,1,1280,106685,19623,12464,0,1,0,1,0,0,0,1,3,0,11638,1423,8650,0,0,0,0,0,0,0,0,6852,0,U3fXW6HC3JpGV72px0i9_-yUAnXCClhqkhAUcatcwtso_1lzP9tp2sWU3RLL3Yugf4IuWbxJ-peSEA,0,0,BANGBANG,7999,SOLO,0,163,158,42,11,0,2,12,5,4,K-Awmc8YVtI9h0zevEK0ULdvOh6WqydZPrKOWpTkiGMvlpoi,317,,False,100,MIDDLE,29,1809,0,121077,21697,0,23315,1,4849,0,181,352,183,1,0,2754,650,2199,0,0,9,0,0,26,3,2,13,False,NA1_5333584954,1809,CLASSIC,MATCHED_GAME,440,15.14.697.2104,1753660492804,1753662335192,5001,5008,5005,"[{'description': 'primaryStyle', 'selections': [{'perk': 8214, 'var1': 1266, 'var2': 0, 'var3': 0}, {'perk': 8226, 'var1': 250, 'var2': 704, 'var3': 0}, {'perk': 8210, 'var1': 9, 'var2': 0, 'var3': 0}, {'perk': 8237, 'var1': 563, 'var2': 0, 'var3': 0}], 'style': 8200}, {'description': 'subStyle', 'selections': [{'perk': 8345, 'var1': 3, 'var2': 0, 'var3': 197}, {'perk': 8347, 'var1': 0, 'var2': 0, 'var3': 0}], 'style': 8300}]",
0,0,15,0,0,23176,18,1,Annie,0,1,7,1864,10427,1864,24754,0,6,5,3,1,True,1,0,False,False,False,False,False,False,0,17709,15275,0,MIDDLE,0,1,3,3135,3118,3113,3020,3089,4645,3364,28,5,15,MIDDLE,329,6,3,1004,191062,37193,11597,0,8,0,0,1,0,0,1,8,0,10126,1248,21766,0,0,0,0,0,0,0,0,6852,0,U3fXW6HC3JpGV72px0i9_-yUAnXCClhqkhAUcatcwtso_1lzP9tp2sWU3RLL3Yugf4IuWbxJ-peSEA,0,0,BANGBANG,7999,SOLO,0,182,109,113,28,0,5,12,5,4,K-Awmc8YVtI9h0zevEK0ULdvOh6WqydZPrKOWpTkiGMvlpoi,317,,False,200,MIDDLE,31,2682,0,204682,39877,2195,35040,0,7896,0,229,484,314,1,1,3493,1434,1676,0,2,9,0,0,46,5,8,11,True,NA1_5333522630,2682,CLASSIC,MATCHED_GAME,440,15.14.697.2104,1753654892427,1753657609422,5001,5008,5008,"[{'description': 'primaryStyle', 'selections': [{'perk': 8112, 'var1': 1921, 'var2': 0, 'var3': 0}, {'perk': 8126, 'var1': 910, 'var2': 0, 'var3': 0}, {'perk': 8140, 'var1': 18, 'var2': 0, 'var3': 0}, {'perk': 8105, 'var1': 40, 'var2': 5, 'var3': 0}], 'style': 8100}, {'description': 'subStyle', 'selections': [{'perk': 8233, 'var1': 22, 'var2': 40, 'var3': 0}, {'perk': 8224, 'var1': 92, 'var2': 1101, 'var3': 0}], 'style': 8200}]",
0,0,6,0,0,16147,16,145,Kaisa,0,1,2,4721,15507,4721,21162,0,7,0,3,1,True,0,0,False,False,False,False,False,False,0,17086,17175,0,BOTTOM,0,0,1,3072,6672,3124,3172,3115,3302,3340,22,3,13,BOTTOM,0,6,3,613,53693,15338,7522,0,35,0,1,0,0,0,1,4,0,163201,22912,18384,0,0,0,0,0,0,0,0,6852,0,U3fXW6HC3JpGV72px0i9_-yUAnXCClhqkhAUcatcwtso_1lzP9tp2sWU3RLL3Yugf4IuWbxJ-peSEA,0,0,BANGBANG,7999,CARRY,0,74,52,82,10,0,5,21,4,4,K-Awmc8YVtI9h0zevEK0ULdvOh6WqydZPrKOWpTkiGMvlpoi,317,,False,100,BOTTOM,8,2098,26,238716,39727,0,26298,4,4376,0,215,162,205,1,1,21821,1476,391,1,2,7,0,0,23,1,4,10,False,NA1_5333501973,2098,CLASSIC,MATCHED_GAME,440,15.14.697.2104,1753652463891,1753654583201,5011,5008,5005,"[{'description': 'primaryStyle', 'selections': [{'perk': 8008, 'var1': 1053, 'var2': 1090, 'var3': 0}, {'perk': 9111, 'var1': 1207, 'var2': 380, 'var3': 0}, {'perk': 9104, 'var1': 14, 'var2': 40, 'var3': 0}, {'perk': 8017, 'var1': 1423, 'var2': 0, 'var3': 0}], 'style': 8000}, {'description': 'subStyle', 'selections': [{'perk': 8345, 'var1': 3, 'var2': 0, 'var3': 160}, {'perk': 8304, 'var1': 10, 'var2': 3, 'var3': 0}], 'style': 8300}]",
0,0,0,0,0,3973,7,99,Lux,0,1,4,154,638,154,2805,0,2,1,0,0,True,0,0,False,False,False,False,False,True,0,3657,3400,0,UTILITY,0,0,0,6655,3871,2055,0,0,0,3364,14,0,1,NONE,0,0,1,762,13929,5623,2519,0,0,0,1,0,0,0,0,5,0,3068,578,3490,0,0,0,0,0,0,0,0,6852,0,U3fXW6HC3JpGV72px0i9_-yUAnXCClhqkhAUcatcwtso_1lzP9tp2sWU3RLL3Yugf4IuWbxJ-peSEA,0,0,BANGBANG,7999,SUPPORT,0,16,10,67,4,0,2,14,2,4,K-Awmc8YVtI9h0zevEK0ULdvOh6WqydZPrKOWpTkiGMvlpoi,317,,False,100,UTILITY,25,930,0,18707,6391,107,6622,0,1137,0,22,95,40,1,0,1709,190,612,0,0,2,0,0,21,2,3,10,False,NA1_5333490206,930,CLASSIC,MATCHED_GAME,440,15.14.697.2104,1753651158602,1753652118160,5001,5008,5008,"[{'description': 'primaryStyle', 'selections': [{'perk': 8229, 'var1': 682, 'var2': 0, 'var3': 0}, {'perk': 8226, 'var1': 250, 'var2': 223, 'var3': 0}, {'perk': 8210, 'var1': 0, 'var2': 0, 'var3': 0}, {'perk': 8237, 'var1': 361, 'var2': 0, 'var3': 0}], 'style': 8200}, {'description': 'subStyle', 'selections': [{'perk': 8345, 'var1': 3, 'var2': 0, 'var3': 134}, {'perk': 8347, 'var1': 0, 'var2': 0, 'var3': 0}], 'style': 8300}]",
0,0,1,0,0,8153,11,1,Annie,0,1,4,829,829,829,6402,0,3,2,0,0,True,1,0,False,False,False,False,False,True,0,5818,5550,0,MIDDLE,0,0,1,1056,3118,3145,3020,0,0,3340,17,1,2,NONE,0,2,1,796,53730,11262,7534,0,0,0,1,0,0,0,0,8,0,6177,498,2496,0,0,0,0,0,0,0,0,6852,0,U3fXW6HC3JpGV72px0i9_-yUAnXCClhqkhAUcatcwtso_1lzP9tp2sWU3RLL3Yugf4IuWbxJ-peSEA,0,0,BANGBANG,7999,DUO,0,108,45,34,7,0,2,12,3,4,K-Awmc8YVtI9h0zevEK0ULdvOh6WqydZPrKOWpTkiGMvlpoi,317,,False,200,MIDDLE,22,1130,0,60188,12041,1122,10081,0,1285,0,117,236,63,1,0,280,280,50,0,0,6,0,0,13,2,1,6,False,NA1_5333475830,1130,CLASSIC,MATCHED_GAME,440,15.14.697.2104,1753649566829,1753650795681,5001,5008,5008,"[{'description': 'primaryStyle', 'selections': [{'perk': 8112, 'var1': 646, 'var2': 0, 'var3': 0}, {'perk': 8126, 'var1': 280, 'var2': 0, 'var3': 0}, {'perk': 8140, 'var1': 3, 'var2': 0, 'var3': 0}, {'perk': 8105, 'var1': 24, 'var2': 3, 'var3': 0}], 'style': 8100}, {'description': 'subStyle', 'selections': [{'perk': 8233, 'var1': 9, 'var2': 10, 'var3': 0}, {'perk': 8224, 'var1': 16, 'var2': 264, 'var3': 0}], 'style': 8200}]",
0,0,2,0,0,10643,13,99,Lux,0,0,4,1191,2396,1191,7615,0,2,2,0,1,True,3,0,False,False,False,False,False,True,0,9036,7850,0,MIDDLE,0,0,0,1056,2031,4645,3020,6655,0,3340,16,1,4,MIDDLE,0,3,1,879,70766,12948,628,0,4,0,1,0,0,0,0,8,0,12935,1717,9515,0,0,0,0,0,0,0,0,6852,0,U3fXW6HC3JpGV72px0i9_-yUAnXCClhqkhAUcatcwtso_1lzP9tp2sWU3RLL3Yugf4IuWbxJ-peSEA,0,0,BANGBANG,7999,SOLO,0,63,31,148,8,0,3,12,3,4,K-Awmc8YVtI9h0zevEK0ULdvOh6WqydZPrKOWpTkiGMvlpoi,317,,False,200,MIDDLE,44,1223,0,85173,14665,1002,10624,0,2021,0,148,371,35,1,0,1471,0,480,0,0,3,0,0,9,2,1,6,False,NA1_5333148605,1223,CLASSIC,MATCHED_GAME,440,15.14.697.2104,1753592199012,1753593560175,5001,5008,5008,"[{'description': 'primaryStyle', 'selections': [{'perk': 8229, 'var1': 1370, 'var2': 0, 'var3': 0}, {'perk': 8226, 'var1': 250, 'var2': 618, 'var3': 0}, {'perk': 8210, 'var1': 8, 'var2': 0, 'var3': 0}, {'perk': 8237, 'var1': 372, 'var2': 0, 'var3': 0}], 'style': 8200}, {'description': 'subStyle', 'selections': [{'perk': 8014, 'var1': 299, 'var2': 0, 'var3': 0}, {'perk': 8009, 'var1': 1851, 'var2': 0, 'var3': 0}], 'style': 8000}]",
0,1,3,0,0,15385,16,1,Annie,0,0,5,0,865,0,11080,0,6,3,0,0,True,1,0,False,False,False,False,False,False,0,11853,11225,0,MIDDLE,0,0,1,1056,3118,4645,3089,0,3020,3340,22,1,5,MIDDLE,0,4,1,529,129205,21049,8753,0,1,0,1,0,0,0,0,3,0,9285,651,7444,0,0,0,0,0,0,0,0,6852,0,U3fXW6HC3JpGV72px0i9_-yUAnXCClhqkhAUcatcwtso_1lzP9tp2sWU3RLL3Yugf4IuWbxJ-peSEA,0,0,BANGBANG,7999,SOLO,0,174,77,65,23,0,6,14,4,4,K-Awmc8YVtI9h0zevEK0ULdvOh6WqydZPrKOWpTkiGMvlpoi,317,,False,100,MIDDLE,28,2011,1,140302,23035,744,17271,0,1287,0,194,402,159,1,0,1811,1335,1074,0,0,7,0,0,22,3,0,13,False,NA1_5333114276,2011,CLASSIC,MATCHED_GAME,440,15.14.697.2104,1753589167075,1753591215739,5001,5008,5008,"[{'description': 'primaryStyle', 'selections': [{'perk': 8112, 'var1': 1485, 'var2': 0, 'var3': 0}, {'perk': 8126, 'var1': 288, 'var2': 0, 'var3': 0}, {'perk': 8140, 'var1': 8, 'var2': 0, 'var3': 0}, {'perk': 8105, 'var1': 40, 'var2': 5, 'var3': 0}], 'style': 8100}, {'description': 'subStyle', 'selections': [{'perk': 8233, 'var1': 17, 'var2': 40, 'var3': 0}, {'perk': 8224, 'var1': 23, 'var2': 619, 'var3': 0}], 'style': 8200}]",
0,0,3,0,0,6694,10,1,Annie,0,0,6,346,346,346,2978,0,4,2,0,0,True,3,0,False,False,False,False,False,True,0,4731,4525,0,MIDDLE,0,0,0,1056,3118,2055,3020,0,0,3340,16,0,0,NONE,0,0,0,279,38190,4642,4537,0,0,0,1,0,0,0,1,3,0,5229,449,2576,0,0,0,0,0,0,0,0,6852,0,U3fXW6HC3JpGV72px0i9_-yUAnXCClhqkhAUcatcwtso_1lzP9tp2sWU3RLL3Yugf4IuWbxJ-peSEA,0,0,BANGBANG,7999,DUO,0,101,41,19,10,0,2,12,2,4,K-Awmc8YVtI9h0zevEK0ULdvOh6WqydZPrKOWpTkiGMvlpoi,317,,False,100,MIDDLE,10,930,0,46667,5165,143,7278,0,273,0,111,144,65,1,0,3247,72,164,0,0,0,0,0,10,4,0,6,False,NA1_5333094914,930,CLASSIC,MATCHED_GAME,440,15.14.697.2104,1753587716546,1753588847928,5013,5008,5008,"[{'description': 'primaryStyle', 'selections': [{'perk': 8112, 'var1': 650, 'var2': 0, 'var3': 0}, {'perk': 8126, 'var1': 72, 'var2': 0, 'var3': 0}, {'perk': 8140, 'var1': 3, 'var2': 0, 'var3': 0}, {'perk': 8105, 'var1': 8, 'var2': 1, 'var3': 0}], 'style': 8100}, {'description': 'subStyle', 'selections': [{'perk': 8224, 'var1': 4, 'var2': 117, 'var3': 0}, {'perk': 8234, 'var1': 4033, 'var2': 0, 'var3': 0}], 'style': 8200}]",
0,0,5,0,0,18511,18,1,Annie,0,0,5,3064,8852,3064,18260,0,11,3,0,0,True,2,0,False,False,False,False,False,False,0,12771,12325,0,MIDDLE,1,1,0,1056,3020,3089,4630,4645,3118,3364,24,3,8,MIDDLE,0,3,1,296,116806,28030,11651,0,3,0,0,0,0,0,6,8,0,10406,922,16195,0,0,0,0,0,0,0,0,6852,0,U3fXW6HC3JpGV72px0i9_-yUAnXCClhqkhAUcatcwtso_1lzP9tp2sWU3RLL3Yugf4IuWbxJ-peSEA,0,0,BANGBANG,7999,DUO,0,179,80,60,26,0,5,12,6,4,K-Awmc8YVtI9h0zevEK0ULdvOh6WqydZPrKOWpTkiGMvlpoi,317,,False,200,MIDDLE,35,1980,3,141542,29581,2624,27959,0,3295,0,155,374,329,1,0,14330,628,112,2,4,6,0,0,22,3,3,11,True,NA1_5333057353,1980,CLASSIC,MATCHED_GAME,440,15.14.697.2104,1753584918860,1753586972960,5011,5008,5008,"[{'description': 'primaryStyle', 'selections': [{'perk': 8214, 'var1': 1593, 'var2': 0, 'var3': 0}, {'perk': 8224, 'var1': 46, 'var2': 831, 'var3': 0}, {'perk': 8234, 'var1': 10078, 'var2': 0, 'var3': 0}, {'perk': 8237, 'var1': 661, 'var2': 0, 'var3': 0}], 'style': 8200}, {'description': 'subStyle', 'selections': [{'perk': 8105, 'var1': 32, 'var2': 4, 'var3': 0}, {'perk': 8139, 'var1': 835, 'var2': 0, 'var3': 0}], 'style': 8100}]",
0,0,5,0,0,15987,16,122,Darius,0,3,5,7931,12330,7931,22361,0,5,4,3,0,True,2,0,False,True,False,False,False,False,0,14539,13550,0,TOP,0,0,0,3066,6631,3174,3053,3742,1057,3364,26,3,11,TOP,0,4,2,767,0,0,9564,0,0,0,0,1,0,0,2,1,0,119490,23094,9720,0,0,0,0,0,0,0,0,6852,0,U3fXW6HC3JpGV72px0i9_-yUAnXCClhqkhAUcatcwtso_1lzP9tp2sWU3RLL3Yugf4IuWbxJ-peSEA,0,0,BANGBANG,7999,SOLO,0,68,86,23,12,0,7,6,5,4,K-Awmc8YVtI9h0zevEK0ULdvOh6WqydZPrKOWpTkiGMvlpoi,316,,False,100,TOP,30,1861,0,126406,29640,0,26069,0,6381,0,168,152,182,1,0,6915,6546,6785,3,3,3,0,0,22,4,1,12,True,NA1_5332810309,1861,CLASSIC,MATCHED_GAME,420,15.14.697.2104,1753559373626,1753561284378,5001,5008,5005,"[{'description': 'primaryStyle', 'selections': [{'perk': 8010, 'var1': 514, 'var2': 0, 'var3': 0}, {'perk': 9111, 'var1': 1443, 'var2': 320, 'var3': 0}, {'perk': 9105, 'var1': 17, 'var2': 0, 'var3': 0}, {'perk': 8299, 'var1': 780, 'var2': 0, 'var3': 0}], 'style': 8000}, {'description': 'subStyle', 'selections': [{'perk': 8446, 'var1': 3109, 'var2': 0, 'var3': 0}, {'perk': 8473, 'var1': 664, 'var2': 0, 'var3': 0}], 'style': 8400}]",
0,0,2,0,0,13483,15,122,Darius,0,0,3,3657,18224,3657,8833,0,1,2,0,0,True,3,0,False,False,False,False,False,True,0,9491,8383,0,TOP,0,0,0,1054,3047,3053,0,3078,0,3340,16,1,6,TOP,0,6,1,201,0,0,3095,0,4,0,0,0,0,0,0,1,0,90497,11711,8826,0,0,0,0,0,0,0,0,6852,0,U3fXW6HC3JpGV72px0i9_-yUAnXCClhqkhAUcatcwtso_1lzP9tp2sWU3RLL3Yugf4IuWbxJ-peSEA,0,0,BANGBANG,7999,SOLO,0,44,61,16,4,0,4,6,4,4,K-Awmc8YVtI9h0zevEK0ULdvOh6WqydZPrKOWpTkiGMvlpoi,316,,False,100,TOP,20,1332,4,95774,14050,0,12605,0,5376,0,163,72,12,1,0,5277,2338,683,2,2,1,0,0,17,2,2,10,True,NA1_5332762039,1332,CLASSIC,MATCHED_GAME,420,15.14.697.2104,1753552626202,1753553997960,5001,5008,5005,"[{'description': 'primaryStyle', 'selections': [{'perk': 8010, 'var1': 247, 'var2': 0, 'var3': 0}, {'perk': 9111, 'var1': 684, 'var2': 160, 'var3': 0}, {'perk': 9104, 'var1': 17, 'var2': 20, 'var3': 0}, {'perk': 8299, 'var1': 325, 'var2': 0, 'var3': 0}], 'style': 8000}, {'description': 'subStyle', 'selections': [{'perk': 8224, 'var1': 19, 'var2': 247, 'var3': 0}, {'perk': 8234, 'var1': 7583, 'var2': 0, 'var3': 0}], 'style': 8200}]",
0,0,8,0,0,20169,18,122,Darius,0,5,5,7462,29425,7462,32999,0,6,4,2,0,True,0,0,False,False,False,False,False,False,0,17997,18100,0,TOP,0,1,0,3161,6631,3174,3742,6609,3053,3340,26,2,14,TOP,0,9,2,802,0,0,14706,0,20,0,0,0,0,0,4,6,0,187540,17807,16003,0,0,0,0,0,0,0,0,6852,1,U3fXW6HC3JpGV72px0i9_-yUAnXCClhqkhAUcatcwtso_1lzP9tp2sWU3RLL3Yugf4IuWbxJ-peSEA,0,0,BANGBANG,7999,SOLO,0,85,102,22,16,0,6,6,5,4,K-Awmc8YVtI9h0zevEK0ULdvOh6WqydZPrKOWpTkiGMvlpoi,316,,False,200,TOP,25,2021,10,203934,27259,0,31418,2,10555,0,200,254,133,1,0,16393,9452,709,4,4,7,0,0,31,4,2,13,True,NA1_5330924022,2021,CLASSIC,MATCHED_GAME,420,15.14.697.2104,1753272747626,1753274812344,5001,5008,5005,"[{'description': 'primaryStyle', 'selections': [{'perk': 8010, 'var1': 569, 'var2': 0, 'var3': 0}, {'perk': 9111, 'var1': 2617, 'var2': 440, 'var3': 0}, {'perk': 9104, 'var1': 17, 'var2': 10, 'var3': 0}, {'perk': 8299, 'var1': 1200, 'var2': 0, 'var3': 0}], 'style': 8000}, {'description': 'subStyle', 'selections': [{'perk': 8224, 'var1': 86, 'var2': 1005, 'var3': 0}, {'perk': 8234, 'var1': 13151, 'var2': 0, 'var3': 0}], 'style': 8200}]",
0,0,5,0,0,13286,15,8,Vladimir,0,2,5,942,2190,942,11536,0,5,3,1,0,True,1,0,False,False,False,False,False,False,0,9957,9675,0,MIDDLE,0,0,3,1056,3152,3020,3089,3147,1052,3340,17,1,5,MIDDLE,0,2,2,947,93272,14117,14878,0,5,0,1,0,0,0,3,1,0,9589,751,9915,0,0,0,0,0,0,0,0,6852,0,U3fXW6HC3JpGV72px0i9_-yUAnXCClhqkhAUcatcwtso_1lzP9tp2sWU3RLL3Yugf4IuWbxJ-peSEA,0,1,BANGBANG,7999,SOLO,0,242,9,72,8,0,4,6,2,4,K-Awmc8YVtI9h0zevEK0ULdvOh6WqydZPrKOWpTkiGMvlpoi,316,,False,100,MIDDLE,4,1700,0,105634,15096,0,25215,0,16693,0,159,77,164,1,0,2772,226,421,0,0,11,0,0,22,3,2,11,False,NA1_5330919162,1700,CLASSIC,MATCHED_GAME,420,15.14.697.2104,1753270570661,1753272302498,5011,5008,5007,"[{'description': 'primaryStyle', 'selections': [{'perk': 8214, 'var1': 1188, 'var2': 0, 'var3': 0}, {'perk': 8275, 'var1': 6, 'var2': 0, 'var3': 0}, {'perk': 8210, 'var1': 13, 'var2': 0, 'var3': 0}, {'perk': 8237, 'var1': 352, 'var2': 0, 'var3': 0}], 'style': 8200}, {'description': 'subStyle', 'selections': [{'perk': 8299, 'var1': 834, 'var2': 0, 'var3': 0}, {'perk': 9105, 'var1': 17, 'var2': 40, 'var3': 0}], 'style': 8000}]",
0,0,10,0,0,21015,18,122,Darius,0,0,2,15907,23063,15907,37376,0,1,1,0,0,True,2,0,False,True,True,False,False,False,0,16001,12550,0,TOP,0,1,0,1054,6631,3174,3742,3053,1037,3364,25,1,5,TOP,0,4,1,1491,0,0,8890,0,32,0,0,1,0,0,3,6,0,235190,20013,19132,0,0,0,0,0,0,0,0,6852,0,U3fXW6HC3JpGV72px0i9_-yUAnXCClhqkhAUcatcwtso_1lzP9tp2sWU3RLL3Yugf4IuWbxJ-peSEA,0,0,BANGBANG,7999,SOLO,0,83,111,15,6,0,6,6,3,4,K-Awmc8YVtI9h0zevEK0ULdvOh6WqydZPrKOWpTkiGMvlpoi,316,,False,200,TOP,17,1836,0,247052,23825,0,30179,24,11959,0,258,244,54,1,0,11861,3811,2155,4,7,1,0,0,23,1,2,9,True,NA1_5330914247,1836,CLASSIC,MATCHED_GAME,420,15.14.697.2104,1753268300209,1753270182518,5001,5008,5005,"[{'description': 'primaryStyle', 'selections': [{'perk': 8010, 'var1': 958, 'var2': 0, 'var3': 0}, {'perk': 9111, 'var1': 2401, 'var2': 300, 'var3': 0}, {'perk': 9104, 'var1': 12, 'var2': 0, 'var3': 0}, {'perk': 8299, 'var1': 1545, 'var2': 0, 'var3': 0}], 'style': 8000}, {'description': 'subStyle', 'selections': [{'perk': 8224, 'var1': 70, 'var2': 426, 'var3': 0}, {'perk': 8234, 'var1': 9965, 'var2': 0, 'var3': 0}], 'style': 8200}]",
0,0,11,0,0,12198,14,99,Lux,0,0,6,3052,3112,3052,5873,0,4,3,1,0,True,0,0,False,False,False,False,False,False,0,9459,6250,0,UTILITY,0,1,0,6655,2055,3871,3175,3145,0,3364,17,2,8,BOTTOM,0,4,2,510,37399,15408,3880,0,0,0,0,1,0,0,0,10,0,3795,687,6791,0,0,0,0,0,0,0,0,6852,0,U3fXW6HC3JpGV72px0i9_-yUAnXCClhqkhAUcatcwtso_1lzP9tp2sWU3RLL3Yugf4IuWbxJ-peSEA,0,0,BANGBANG,7999,SUPPORT,0,39,23,126,9,0,4,14,3,4,K-Awmc8YVtI9h0zevEK0ULdvOh6WqydZPrKOWpTkiGMvlpoi,315,,False,200,UTILITY,38,1353,0,44586,17561,410,11103,0,1002,0,45,142,82,1,0,3391,1465,430,1,4,1,0,0,39,4,3,17,True,NA1_5330910084,1353,CLASSIC,MATCHED_GAME,420,15.14.697.2104,1753266305854,1753267709043,5001,5008,5008,"[{'description': 'primaryStyle', 'selections': [{'perk': 8128, 'var1': 1779, 'var2': 18, 'var3': 0}, {'perk': 8126, 'var1': 878, 'var2': 0, 'var3': 0}, {'perk': 8140, 'var1': 18, 'var2': 0, 'var3': 0}, {'perk': 8106, 'var1': 5, 'var2': 31, 'var3': 0}], 'style': 8100}, {'description': 'subStyle', 'selections': [{'perk': 8226, 'var1': 250, 'var2': 669, 'var3': 0}, {'perk': 8210, 'var1': 17, 'var2': 0, 'var3': 0}], 'style': 8200}]",
0,0,3,0,0,19899,18,122,Darius,0,3,4,4319,8778,4319,63497,0,7,3,4,0,True,0,0,False,False,False,True,False,False,0,16680,15425,0,TOP,0,0,2,3075,6631,3742,3174,3053,2021,3364,28,5,15,TOP,0,4,2,1165,401,325,8684,0,8,0,1,0,0,0,4,1,0,150725,25895,32535,0,0,0,0,0,0,0,0,6852,1,U3fXW6HC3JpGV72px0i9_-yUAnXCClhqkhAUcatcwtso_1lzP9tp2sWU3RLL3Yugf4IuWbxJ-peSEA,0,0,BANGBANG,7999,SOLO,0,81,83,25,15,0,7,6,4,4,K-Awmc8YVtI9h0zevEK0ULdvOh6WqydZPrKOWpTkiGMvlpoi,315,,False,100,TOP,28,2097,4,182369,40588,0,47586,4,11216,0,188,240,298,1,0,31243,14366,6366,2,3,9,0,0,27,3,1,14,False,NA1_5330315698,2097,CLASSIC,MATCHED_GAME,420,15.14.697.2104,1753182512154,1753184683421,5001,5008,5005,"[{'description': 'primaryStyle', 'selections': [{'perk': 8010, 'var1': 1924, 'var2': 0, 'var3': 0}, {'perk': 9111, 'var1': 2009, 'var2': 360, 'var3': 0}, {'perk': 9104, 'var1': 17, 'var2': 30, 'var3': 0}, {'perk': 8299, 'var1': 2294, 'var2': 0, 'var3': 0}], 'style': 8000}, {'description': 'subStyle', 'selections': [{'perk': 8224, 'var1': 86, 'var2': 1470, 'var3': 0}, {'perk': 8234, 'var1': 11174, 'var2': 0, 'var3': 0}], 'style': 8200}]",
0,0,6,0,0,16071,16,81,Ezreal,0,1,2,7056,19417,7056,8758,0,2,1,1,0,True,0,0,False,False,False,False,False,False,0,13843,13508,0,BOTTOM,0,0,2,1055,3042,3078,3161,6694,3158,3340,19,1,4,BOTTOM,0,4,2,1699,24958,10066,7561,0,0,0,1,0,0,0,2,9,0,172238,19195,8991,0,0,0,0,0,0,0,0,6852,0,U3fXW6HC3JpGV72px0i9_-yUAnXCClhqkhAUcatcwtso_1lzP9tp2sWU3RLL3Yugf4IuWbxJ-peSEA,0,0,BANGBANG,7999,CARRY,0,347,62,28,16,0,3,21,4,4,K-Awmc8YVtI9h0zevEK0ULdvOh6WqydZPrKOWpTkiGMvlpoi,315,,False,200,BOTTOM,1,2196,0,213357,29457,0,17103,0,4952,0,257,3,102,1,0,16160,196,550,1,3,11,0,0,23,1,2,11,False,NA1_5330312101,2196,CLASSIC,MATCHED_GAME,420,15.14.697.2104,1753179617325,1753181927537,5011,5008,5005,"[{'description': 'primaryStyle', 'selections': [{'perk': 8005, 'var1': 863, 'var2': 863, 'var3': 0}, {'perk': 8009, 'var1': 2595, 'var2': 0, 'var3': 0}, {'perk': 9105, 'var1': 20, 'var2': 0, 'var3': 0}, {'perk': 8017, 'var1': 1356, 'var2': 0, 'var3': 0}], 'style': 8000}, {'description': 'subStyle', 'selections': [{'perk': 8304, 'var1': 10, 'var2': 3, 'var3': 0}, {'perk': 8316, 'var1': 8, 'var2': 10, 'var3': 0}], 'style': 8300}]",
0,0,9,0,0,13069,15,901,Smolder,0,1,3,2405,4904,2405,9479,0,6,2,0,0,True,3,0,False,False,False,False,False,False,0,9690,9425,0,BOTTOM,0,0,1,1055,3508,3161,1038,3158,1037,3340,20,0,0,MIDDLE,437,0,0,759,13607,2829,14299,0,8,0,1,0,0,0,3,4,0,132226,16039,6656,0,0,0,0,0,0,0,0,6852,0,U3fXW6HC3JpGV72px0i9_-yUAnXCClhqkhAUcatcwtso_1lzP9tp2sWU3RLL3Yugf4IuWbxJ-peSEA,0,0,BANGBANG,7999,DUO,0,139,64,41,9,0,6,21,3,4,K-Awmc8YVtI9h0zevEK0ULdvOh6WqydZPrKOWpTkiGMvlpoi,315,,False,100,BOTTOM,10,1867,8,148027,19071,0,21130,0,3457,0,198,248,185,1,0,2193,202,173,1,1,7,0,0,19,2,0,11,False,NA1_5330306889,1867,CLASSIC,MATCHED_GAME,420,15.14.697.2104,1753177277808,1753179162628,5011,5008,5008,"[{'description': 'primaryStyle', 'selections': [{'perk': 8229, 'var1': 1016, 'var2': 0, 'var3': 0}, {'perk': 8226, 'var1': 250, 'var2': 156, 'var3': 0}, {'perk': 8233, 'var1': 17, 'var2': 0, 'var3': 0}, {'perk': 8237, 'var1': 484, 'var2': 0, 'var3': 0}], 'style': 8200}, {'description': 'subStyle', 'selections': [{'perk': 8345, 'var1': 3, 'var2': 0, 'var3': 230}, {'perk': 8304, 'var1': 9, 'var2': 4, 'var3': 5}], 'style': 8300}]",
0,0,6,0,0,13252,15,30,Karthus,0,1,4,0,10999,0,7657,0,3,3,0,0,True,1,0,False,False,False,False,False,True,0,10083,9425,0,JUNGLE,0,0,3,4645,3118,3020,2508,1052,1028,3364,23,0,2,JUNGLE,0,0,1,791,160615,16205,9566,0,104,0,1,0,0,0,2,7,0,317,45,12523,0,0,0,0,0,0,0,0,6852,0,U3fXW6HC3JpGV72px0i9_-yUAnXCClhqkhAUcatcwtso_1lzP9tp2sWU3RLL3Yugf4IuWbxJ-peSEA,0,0,BANGBANG,7999,NONE,0,466,12,79,7,0,11,11,2,4,K-Awmc8YVtI9h0zevEK0ULdvOh6WqydZPrKOWpTkiGMvlpoi,315,,False,200,JUNGLE,9,1611,90,202462,17710,0,22893,0,10714,0,75,92,70,1,0,41529,1459,803,0,0,9,0,0,17,3,3,4,False,NA1_5330297600,1611,CLASSIC,MATCHED_GAME,420,15.14.697.2104,1753175261417,1753176892188,5001,5008,5008,"[{'description': 'primaryStyle', 'selections': [{'perk': 8369, 'var1': 863, 'var2': 462, 'var3': 0}, {'perk': 8321, 'var1': 354, 'var2': 0, 'var3': 0}, {'perk': 8313, 'var1': 3, 'var2': 0, 'var3': 0}, {'perk': 8316, 'var1': 6, 'var2': 10, 'var3': 0}], 'style': 8300}, {'description': 'subStyle', 'selections': [{'perk': 8224, 'var1': 35, 'var2': 982, 'var3': 0}, {'perk': 8236, 'var1': 24, 'var2': 0, 'var3': 0}], 'style': 8200}]",
0,0,7,0,0,14858,16,119,Draven,0,0,5,1569,14013,1569,20314,0,7,4,0,0,True,0,0,False,False,False,False,False,True,0,13300,10025,0,BOTTOM,0,0,2,1055,6676,1018,1037,3047,3072,3340,19,3,7,BOTTOM,958,2,1,449,338,269,8867,0,0,0,1,0,0,0,2,9,0,143705,19350,15459,0,0,0,0,0,0,0,0,6852,0,U3fXW6HC3JpGV72px0i9_-yUAnXCClhqkhAUcatcwtso_1lzP9tp2sWU3RLL3Yugf4IuWbxJ-peSEA,0,0,BANGBANG,7999,CARRY,0,91,97,17,11,0,5,21,3,4,K-Awmc8YVtI9h0zevEK0ULdvOh6WqydZPrKOWpTkiGMvlpoi,315,,False,200,BOTTOM,8,1936,0,146482,19951,0,27113,0,10015,0,207,75,175,1,0,2438,331,2786,1,1,9,0,0,19,4,1,12,False,NA1_5330292844,1936,CLASSIC,MATCHED_GAME,420,15.14.697.2104,1753172921962,1753174930408,5011,5008,5005,"[{'description': 'primaryStyle', 'selections': [{'perk': 8008, 'var1': 160, 'var2': 177, 'var3': 0}, {'perk': 8009, 'var1': 1885, 'var2': 0, 'var3': 0}, {'perk': 9104, 'var1': 19, 'var2': 0, 'var3': 0}, {'perk': 8299, 'var1': 718, 'var2': 0, 'var3': 0}], 'style': 8000}, {'description': 'subStyle', 'selections': [{'perk': 8233, 'var1': 21, 'var2': 30, 'var3': 0}, {'perk': 8236, 'var1': 28, 'var2': 0, 'var3': 0}], 'style': 8200}]",
0,0,11,0,0,14615,15,901,Smolder,0,1,5,4446,15262,4446,8753,0,1,4,0,0,True,0,0,False,False,False,False,False,False,0,14635,12550,0,BOTTOM,1,1,0,1055,3161,3031,3508,3171,3086,3364,24,2,12,TOP,712,6,1,867,16477,4117,5047,0,10,1,0,1,0,0,3,9,0,173803,20950,8685,0,0,0,0,0,0,0,0,5389,0,U3fXW6HC3JpGV72px0i9_-yUAnXCClhqkhAUcatcwtso_1lzP9tp2sWU3RLL3Yugf4IuWbxJ-peSEA,0,0,BANGBANG,7999,DUO,0,173,70,35,8,0,6,21,3,4,K-Awmc8YVtI9h0zevEK0ULdvOh6WqydZPrKOWpTkiGMvlpoi,314,,False,200,BOTTOM,18,1749,2,202502,26140,0,13853,7,4018,0,210,270,25,1,0,12221,1072,120,2,3,4,0,0,29,4,5,8,True,NA1_5329038338,1749,CLASSIC,MATCHED_GAME,420,15.14.695.3589,1753008894973,1753010677862,5011,5008,5008,"[{'description': 'primaryStyle', 'selections': [{'perk': 8229, 'var1': 1524, 'var2': 0, 'var3': 0}, {'perk': 8226, 'var1': 250, 'var2': 116, 'var3': 0}, {'perk': 8233, 'var1': 18, 'var2': 0, 'var3': 0}, {'perk': 8237, 'var1': 630, 'var2': 0, 'var3': 0}], 'style': 8200}, {'description': 'subStyle', 'selections': [{'perk': 8345, 'var1': 3, 'var2': 0, 'var3': 247}, {'perk': 8304, 'var1': 7, 'var2': 3, 'var3': 0}], 'style': 8300}]",
0,0,1,0,0,17288,17,86,Garen,0,3,6,3563,10622,3563,34429,0,5,5,0,1,True,4,0,False,False,False,False,False,True,0,12979,13000,0,TOP,0,0,3,1037,6631,3161,3046,3006,2019,3340,28,1,6,TOP,572,4,1,830,0,0,5935,0,12,0,1,0,0,0,3,6,0,166786,13947,21132,0,0,0,0,0,0,0,0,5389,1,U3fXW6HC3JpGV72px0i9_-yUAnXCClhqkhAUcatcwtso_1lzP9tp2sWU3RLL3Yugf4IuWbxJ-peSEA,0,4,BANGBANG,7999,SOLO,0,93,20,72,5,0,3,12,4,4,K-Awmc8YVtI9h0zevEK0ULdvOh6WqydZPrKOWpTkiGMvlpoi,314,,False,200,TOP,32,1864,4,180330,17272,0,30200,0,3009,0,231,239,172,1,0,13544,3324,3133,1,1,11,0,0,38,5,2,15,False,NA1_5329032224,1864,CLASSIC,MATCHED_GAME,420,15.14.695.3589,1753006678843,1753008590170,5001,5008,5008,"[{'description': 'primaryStyle', 'selections': [{'perk': 8010, 'var1': 834, 'var2': 0, 'var3': 0}, {'perk': 9111, 'var1': 673, 'var2': 140, 'var3': 0}, {'perk': 9105, 'var1': 20, 'var2': 0, 'var3': 0}, {'perk': 8299, 'var1': 396, 'var2': 0, 'var3': 0}], 'style': 8000}, {'description': 'subStyle', 'selections': [{'perk': 8224, 'var1': 37, 'var2': 409, 'var3': 0}, {'perk': 8234, 'var1': 10994, 'var2': 0, 'var3': 0}], 'style': 8200}]",
0,0,0,0,0,13687,15,901,Smolder,0,0,4,0,2349,0,11927,0,6,3,1,0,True,0,0,False,True,False,False,False,True,0,13492,12875,0,BOTTOM,0,0,1,3031,3508,3086,3161,3144,3158,3364,24,3,9,BOTTOM,662,3,2,511,14327,4551,9014,0,4,0,2,0,0,0,3,4,0,148215,23898,11886,0,0,0,0,0,0,0,0,5389,0,U3fXW6HC3JpGV72px0i9_-yUAnXCClhqkhAUcatcwtso_1lzP9tp2sWU3RLL3Yugf4IuWbxJ-peSEA,0,0,BANGBANG,7999,CARRY,0,152,78,38,10,0,8,21,5,4,K-Awmc8YVtI9h0zevEK0ULdvOh6WqydZPrKOWpTkiGMvlpoi,314,,False,100,BOTTOM,14,1994,4,167334,32010,0,23558,0,5412,0,226,233,140,1,0,4791,3559,2658,0,0,11,0,0,16,3,4,7,False,NA1_5329022518,1994,CLASSIC,MATCHED_GAME,420,15.14.695.3589,1753004099118,1753006267980,5011,5008,5007,"[{'description': 'primaryStyle', 'selections': [{'perk': 8021, 'var1': 1033, 'var2': 0, 'var3': 0}, {'perk': 8009, 'var1': 1316, 'var2': 0, 'var3': 0}, {'perk': 9105, 'var1': 22, 'var2': 30, 'var3': 0}, {'perk': 8014, 'var1': 742, 'var2': 0, 'var3': 0}], 'style': 8000}, {'description': 'subStyle', 'selections': [{'perk': 8236, 'var1': 28, 'var2': 0, 'var3': 0}, {'perk': 8210, 'var1': 9, 'var2': 0, 'var3': 0}], 'style': 8200}]",
0,0,9,0,0,22767,18,420,Illaoi,0,6,3,8759,8759,8759,91604,0,12,2,0,0,True,5,0,False,False,False,False,False,False,0,15851,14550,0,TOP,0,0,6,6610,6662,3076,3053,3065,3047,3364,24,1,4,TOP,293,2,1,392,2342,1867,24410,0,0,0,1,0,0,0,3,1,0,253333,30684,40244,0,0,0,0,0,0,0,0,5389,0,U3fXW6HC3JpGV72px0i9_-yUAnXCClhqkhAUcatcwtso_1lzP9tp2sWU3RLL3Yugf4IuWbxJ-peSEA,0,1,BANGBANG,7999,SOLO,0,109,185,24,11,0,3,12,3,4,K-Awmc8YVtI9h0zevEK0ULdvOh6WqydZPrKOWpTkiGMvlpoi,314,,False,100,TOP,17,2638,0,267999,33329,0,67564,0,12767,0,266,2354,414,1,0,12323,777,2909,2,2,13,0,0,22,2,2,9,False,NA1_5329010235,2638,CLASSIC,MATCHED_GAME,420,15.14.695.3589,1753000927694,1753003603018,5011,5008,5008,"[{'description': 'primaryStyle', 'selections': [{'perk': 8437, 'var1': 1681, 'var2': 1105, 'var3': 0}, {'perk': 8446, 'var1': 3183, 'var2': 0, 'var3': 0}, {'perk': 8473, 'var1': 1554, 'var2': 0, 'var3': 0}, {'perk': 8451, 'var1': 322, 'var2': 0, 'var3': 0}], 'style': 8400}, {'description': 'subStyle', 'selections': [{'perk': 8299, 'var1': 2382, 'var2': 0, 'var3': 0}, {'perk': 8009, 'var1': 2284, 'var2': 0, 'var3': 0}], 'style': 8000}]",
1,2,2,0,0,20125,18,86,Garen,0,5,4,9321,18330,9321,31296,0,6,3,1,0,True,1,0,False,False,False,False,False,False,0,15471,14575,0,TOP,1,1,0,3053,6631,3161,3172,0,3046,3364,25,1,10,TOP,912,6,2,350,0,0,14396,0,12,0,0,1,0,0,14,6,0,160128,13125,17347,0,0,0,0,0,0,0,0,5389,0,U3fXW6HC3JpGV72px0i9_-yUAnXCClhqkhAUcatcwtso_1lzP9tp2sWU3RLL3Yugf4IuWbxJ-peSEA,0,0,BANGBANG,7999,SOLO,0,94,27,55,10,0,5,12,5,4,K-Awmc8YVtI9h0zevEK0ULdvOh6WqydZPrKOWpTkiGMvlpoi,314,,False,200,TOP,23,1870,0,180239,20625,0,33625,6,3359,0,209,302,187,1,0,20111,7499,1881,3,3,4,0,0,29,3,4,10,True,NA1_5328999735,1870,CLASSIC,MATCHED_GAME,420,15.14.695.3589,1752998489938,1753000392327,5001,5008,5008,"[{'description': 'primaryStyle', 'selections': [{'perk': 8010, 'var1': 896, 'var2': 0, 'var3': 0}, {'perk': 9111, 'var1': 1117, 'var2': 240, 'var3': 0}, {'perk': 9105, 'var1': 16, 'var2': 50, 'var3': 0}, {'perk': 8299, 'var1': 493, 'var2': 0, 'var3': 0}], 'style': 8000}, {'description': 'subStyle', 'selections': [{'perk': 8224, 'var1': 50, 'var2': 682, 'var3': 0}, {'perk': 8234, 'var1': 13735, 'var2': 0, 'var3': 0}], 'style': 8200}]",
0,0,3,0,0,14399,15,86,Garen,0,1,3,10827,11211,10827,35867,0,5,2,0,0,True,1,0,False,False,False,False,False,False,0,12297,12100,0,TOP,0,0,1,1054,6631,3161,3006,3046,1038,3364,25,1,6,TOP,543,5,1,575,0,0,17165,0,4,0,1,0,0,1,8,1,0,124541,18458,14606,0,0,0,0,0,0,0,0,5389,0,U3fXW6HC3JpGV72px0i9_-yUAnXCClhqkhAUcatcwtso_1lzP9tp2sWU3RLL3Yugf4IuWbxJ-peSEA,0,0,BANGBANG,7999,SOLO,0,77,22,47,10,0,4,12,2,4,K-Awmc8YVtI9h0zevEK0ULdvOh6WqydZPrKOWpTkiGMvlpoi,314,,False,100,TOP,32,1543,4,129340,21984,0,32301,0,3238,0,164,231,122,1,0,4799,3525,529,4,4,8,0,0,14,2,1,4,False,NA1_5328984739,1543,CLASSIC,MATCHED_GAME,420,15.14.695.3589,1752996271228,1752998058816,5001,5008,5008,"[{'description': 'primaryStyle', 'selections': [{'perk': 8010, 'var1': 959, 'var2': 0, 'var3': 0}, {'perk': 9111, 'var1': 968, 'var2': 180, 'var3': 0}, {'perk': 9105, 'var1': 19, 'var2': 20, 'var3': 0}, {'perk': 8299, 'var1': 756, 'var2': 0, 'var3': 0}], 'style': 8000}, {'description': 'subStyle', 'selections': [{'perk': 8446, 'var1': 1702, 'var2': 0, 'var3': 0}, {'perk': 8429, 'var1': 53, 'var2': 12, 'var3': 10}], 'style': 8400}]",
0,0,10,0,0,17220,17,112,Viktor,0,1,5,3994,9324,3994,9079,0,1,3,0,0,True,3,0,False,False,False,False,False,False,0,10447,8375,0,MIDDLE,1,2,0,1056,2503,6653,3175,0,0,3340,19,0,1,MIDDLE,0,0,1,1246,130479,14327,4689,0,7,1,0,1,0,0,1,3,0,12122,479,5543,0,0,0,0,0,0,0,0,5389,1,U3fXW6HC3JpGV72px0i9_-yUAnXCClhqkhAUcatcwtso_1lzP9tp2sWU3RLL3Yugf4IuWbxJ-peSEA,0,1,BANGBANG,7999,SOLO,0,76,15,96,19,0,3,12,2,4,K-Awmc8YVtI9h0zevEK0ULdvOh6WqydZPrKOWpTkiGMvlpoi,314,,False,100,MIDDLE,18,1715,0,159975,16446,0,10585,6,2202,0,195,513,41,1,0,17373,1639,352,0,4,6,0,0,23,3,0,13,True,NA1_5328330617,1715,CLASSIC,MATCHED_GAME,420,15.14.695.3589,1752911702827,1752913439442,5001,5008,5005,"[{'description': 'primaryStyle', 'selections': [{'perk': 8214, 'var1': 1105, 'var2': 0, 'var3': 0}, {'perk': 8226, 'var1': 250, 'var2': 1027, 'var3': 0}, {'perk': 8210, 'var1': 18, 'var2': 0, 'var3': 0}, {'perk': 8237, 'var1': 611, 'var2': 0, 'var3': 0}], 'style': 8200}, {'description': 'subStyle', 'selections': [{'perk': 8473, 'var1': 479, 'var2': 0, 'var3': 0}, {'perk': 8401, 'var1': 488, 'var2': 0, 'var3': 0}], 'style': 8400}]",
0,0,10,0,0,12829,14,901,Smolder,0,2,5,4747,23860,4747,6425,0,1,4,0,1,True,0,0,False,False,False,False,False,False,0,10642,9800,0,BOTTOM,0,1,0,1055,3508,1018,3171,1038,3161,3340,18,1,3,BOTTOM,511,3,1,1686,11168,2942,2816,0,12,0,0,0,0,0,1,9,0,138553,17008,8487,0,0,0,0,0,0,0,0,5389,0,U3fXW6HC3JpGV72px0i9_-yUAnXCClhqkhAUcatcwtso_1lzP9tp2sWU3RLL3Yugf4IuWbxJ-peSEA,0,0,BANGBANG,7999,CARRY,0,168,61,30,5,0,3,21,4,4,K-Awmc8YVtI9h0zevEK0ULdvOh6WqydZPrKOWpTkiGMvlpoi,313,,False,200,BOTTOM,7,1755,4,151211,19982,0,11972,4,3953,0,174,199,47,1,0,1489,31,669,0,1,3,0,0,21,4,3,11,True,NA1_5328317425,1755,CLASSIC,MATCHED_GAME,420,15.14.695.3589,1752909518786,1752911365685,5011,5008,5008,"[{'description': 'primaryStyle', 'selections': [{'perk': 8229, 'var1': 1093, 'var2': 0, 'var3': 0}, {'perk': 8226, 'var1': 250, 'var2': 222, 'var3': 0}, {'perk': 8233, 'var1': 19, 'var2': 50, 'var3': 0}, {'perk': 8237, 'var1': 589, 'var2': 0, 'var3': 0}], 'style': 8200}, {'description': 'subStyle', 'selections': [{'perk': 8345, 'var1': 3, 'var2': 0, 'var3': 172}, {'perk': 8304, 'var1': 11, 'var2': 1, 'var3': 5}], 'style': 8300}]",
0,0,6,0,0,24850,18,86,Garen,0,2,6,7179,13904,7179,51182,0,4,4,0,0,True,3,0,False,True,False,False,False,False,0,18231,17900,0,TOP,0,1,0,3071,6631,3172,3161,3031,3046,3340,32,2,7,TOP,761,3,1,1123,0,0,7529,0,12,0,0,0,0,0,6,1,0,270177,33579,31385,0,0,0,0,0,0,0,0,5389,0,U3fXW6HC3JpGV72px0i9_-yUAnXCClhqkhAUcatcwtso_1lzP9tp2sWU3RLL3Yugf4IuWbxJ-peSEA,0,0,BANGBANG,7999,SOLO,0,117,28,88,10,0,4,12,4,4,K-Awmc8YVtI9h0zevEK0ULdvOh6WqydZPrKOWpTkiGMvlpoi,313,,False,100,TOP,69,2260,6,279886,42181,0,40105,4,4939,0,322,383,127,1,0,9709,8602,1191,3,3,4,0,0,25,4,0,14,True,NA1_5328205259,2260,CLASSIC,MATCHED_GAME,420,15.14.695.3589,1752899117993,1752901401085,5001,5008,5008,"[{'description': 'primaryStyle', 'selections': [{'perk': 8010, 'var1': 2014, 'var2': 0, 'var3': 0}, {'perk': 9111, 'var1': 1590, 'var2': 260, 'var3': 0}, {'perk': 9105, 'var1': 19, 'var2': 10, 'var3': 0}, {'perk': 8299, 'var1': 844, 'var2': 0, 'var3': 0}], 'style': 8000}, {'description': 'subStyle', 'selections': [{'perk': 8224, 'var1': 35, 'var2': 804, 'var3': 0}, {'perk': 8234, 'var1': 17086, 'var2': 0, 'var3': 0}], 'style': 8200}]",
0,0,0,0,0,4712,8,122,Darius,0,0,2,0,0,0,2446,0,1,1,0,0,True,1,0,False,False,False,False,False,True,0,2938,2175,0,TOP,0,0,0,1055,3077,0,1028,0,0,3340,8,0,0,NONE,0,0,0,255,0,0,529,0,0,0,1,0,0,0,0,6,0,23679,2742,3477,0,0,0,0,0,0,0,0,5389,0,U3fXW6HC3JpGV72px0i9_-yUAnXCClhqkhAUcatcwtso_1lzP9tp2sWU3RLL3Yugf4IuWbxJ-peSEA,0,0,BANGBANG,7999,SUPPORT,0,16,18,7,0,0,1,6,2,4,K-Awmc8YVtI9h0zevEK0ULdvOh6WqydZPrKOWpTkiGMvlpoi,313,,False,200,TOP,6,587,0,23679,2742,0,4301,0,603,0,72,35,12,1,0,0,0,295,0,0,0,0,0,7,1,1,4,False,NA1_5328190185,587,CLASSIC,MATCHED_GAME,420,15.14.695.3589,1752897970756,1752898673102,5001,5008,5005,"[{'description': 'primaryStyle', 'selections': [{'perk': 8010, 'var1': 0, 'var2': 0, 'var3': 0}, {'perk': 9111, 'var1': 0, 'var2': 0, 'var3': 0}, {'perk': 9105, 'var1': 0, 'var2': 0, 'var3': 0}, {'perk': 8299, 'var1': 120, 'var2': 0, 'var3': 0}], 'style': 8000}, {'description': 'subStyle', 'selections': [{'perk': 8473, 'var1': 223, 'var2': 0, 'var3': 0}, {'perk': 8242, 'var1': 14, 'var2': 0, 'var3': 0}], 'style': 8400}]",
0,0,1,0,0,6948,10,122,Darius,0,0,2,1577,8091,1577,5310,0,4,1,0,0,True,2,0,False,False,False,False,False,True,0,6154,6000,0,TOP,0,0,0,1055,6631,3111,1037,0,0,3340,13,2,4,NONE,0,2,1,290,0,0,4355,0,0,0,0,0,0,0,0,1,0,57879,7197,6381,0,0,0,0,0,0,0,0,5389,0,U3fXW6HC3JpGV72px0i9_-yUAnXCClhqkhAUcatcwtso_1lzP9tp2sWU3RLL3Yugf4IuWbxJ-peSEA,0,0,BANGBANG,7999,SUPPORT,0,28,43,10,1,0,3,6,2,4,K-Awmc8YVtI9h0zevEK0ULdvOh6WqydZPrKOWpTkiGMvlpoi,313,,False,100,TOP,11,937,0,58745,7658,0,10893,0,2332,0,99,66,82,1,0,866,461,157,0,0,0,0,0,5,1,0,4,True,NA1_5328147367,937,CLASSIC,MATCHED_GAME,420,15.14.695.3589,1752894904609,1752895918171,5001,5008,5005,"[{'description': 'primaryStyle', 'selections': [{'perk': 8010, 'var1': 91, 'var2': 0, 'var3': 0}, {'perk': 9111, 'var1': 285, 'var2': 100, 'var3': 0}, {'perk': 9104, 'var1': 13, 'var2': 10, 'var3': 0}, {'perk': 8299, 'var1': 205, 'var2': 0, 'var3': 0}], 'style': 8000}, {'description': 'subStyle', 'selections': [{'perk': 8224, 'var1': 6, 'var2': 49, 'var3': 0}, {'perk': 8234, 'var1': 4170, 'var2': 0, 'var3': 0}], 'style': 8200}]",
0,0,6,0,0,6706,10,804,Yunara,0,0,3,165,472,165,5666,0,7,1,0,0,True,0,0,False,False,False,False,False,True,0,5844,5585,0,BOTTOM,0,0,0,1055,3032,2055,3006,1018,0,3340,14,0,1,NONE,270,0,1,358,15519,4703,3267,0,0,0,1,0,0,0,0,9,0,29829,4517,8354,0,0,0,0,0,0,0,0,5389,0,U3fXW6HC3JpGV72px0i9_-yUAnXCClhqkhAUcatcwtso_1lzP9tp2sWU3RLL3Yugf4IuWbxJ-peSEA,0,0,BANGBANG,7999,SUPPORT,0,14,39,27,3,0,4,21,3,4,K-Awmc8YVtI9h0zevEK0ULdvOh6WqydZPrKOWpTkiGMvlpoi,313,,False,200,BOTTOM,7,1164,0,47718,9221,0,12686,0,1019,0,100,108,129,1,0,2370,0,1063,0,0,5,0,0,8,2,0,5,False,NA1_5328123656,1164,CLASSIC,MATCHED_GAME,420,15.14.695.3589,1752893322494,1752894516897,5011,5008,5005,"[{'description': 'primaryStyle', 'selections': [{'perk': 8008, 'var1': 247, 'var2': 261, 'var3': 0}, {'perk': 9111, 'var1': 304, 'var2': 140, 'var3': 0}, {'perk': 9104, 'var1': 16, 'var2': 30, 'var3': 0}, {'perk': 8017, 'var1': 561, 'var2': 0, 'var3': 0}], 'style': 8000}, {'description': 'subStyle', 'selections': [{'perk': 8304, 'var1': 10, 'var2': 3, 'var3': 0}, {'perk': 8345, 'var1': 3, 'var2': 0, 'var3': 198}], 'style': 8300}]",
0,0,9,0,0,12381,14,804,Yunara,0,2,4,7051,19475,7051,4486,0,1,2,3,0,True,1,0,False,False,False,False,False,False,0,13151,10625,0,BOTTOM,0,2,0,1055,3032,3085,3006,0,3031,3340,17,2,11,BOTTOM,514,6,2,975,35716,8167,3587,0,0,0,0,1,0,0,3,4,0,99045,11662,5486,0,0,0,0,0,0,0,0,5389,0,U3fXW6HC3JpGV72px0i9_-yUAnXCClhqkhAUcatcwtso_1lzP9tp2sWU3RLL3Yugf4IuWbxJ-peSEA,0,0,BANGBANG,7999,CARRY,0,28,60,36,5,0,2,21,3,4,K-Awmc8YVtI9h0zevEK0ULdvOh6WqydZPrKOWpTkiGMvlpoi,313,,False,100,BOTTOM,8,1534,0,137269,20062,0,9625,0,3424,0,174,188,32,1,0,2507,231,552,4,6,4,0,0,17,3,3,7,True,NA1_5327631173,1534,CLASSIC,MATCHED_GAME,420,15.14.695.3589,1752816878733,1752818488601,5011,5008,5005,"[{'description': 'primaryStyle', 'selections': [{'perk': 8008, 'var1': 477, 'var2': 477, 'var3': 0}, {'perk': 9111, 'var1': 1163, 'var2': 400, 'var3': 0}, {'perk': 9104, 'var1': 14, 'var2': 40, 'var3': 0}, {'perk': 8017, 'var1': 902, 'var2': 0, 'var3': 0}], 'style': 8000}, {'description': 'subStyle', 'selections': [{'perk': 8304, 'var1': 8, 'var2': 1, 'var3': 5}, {'perk': 8345, 'var1': 3, 'var2': 0, 'var3': 233}], 'style': 8300}]",
0,0,12,0,0,14805,16,901,Smolder,0,0,5,1683,16053,1683,11724,0,3,4,0,0,True,0,0,False,False,False,False,False,False,0,11132,10900,0,BOTTOM,0,0,0,1055,3508,3171,3161,3094,1036,3340,21,1,6,BOTTOM,398,4,1,794,9959,2387,9417,0,12,0,0,0,0,0,2,9,0,132749,18218,13377,0,0,0,0,0,0,0,0,5389,0,U3fXW6HC3JpGV72px0i9_-yUAnXCClhqkhAUcatcwtso_1lzP9tp2sWU3RLL3Yugf4IuWbxJ-peSEA,0,0,BANGBANG,7999,CARRY,0,176,64,32,6,0,6,21,3,4,K-Awmc8YVtI9h0zevEK0ULdvOh6WqydZPrKOWpTkiGMvlpoi,312,,False,200,BOTTOM,9,1799,4,143349,20929,0,23456,8,10831,0,159,196,77,1,0,641,322,661,0,2,1,0,0,22,4,4,9,True,NA1_5327518517,1799,CLASSIC,MATCHED_GAME,420,15.14.695.3589,1752808121239,1752809937751,5011,5008,5005,"[{'description': 'primaryStyle', 'selections': [{'perk': 8021, 'var1': 1774, 'var2': 0, 'var3': 0}, {'perk': 8009, 'var1': 1251, 'var2': 0, 'var3': 0}, {'perk': 9103, 'var1': 19, 'var2': 10, 'var3': 0}, {'perk': 8017, 'var1': 874, 'var2': 0, 'var3': 0}], 'style': 8000}, {'description': 'subStyle', 'selections': [{'perk': 8345, 'var1': 3, 'var2': 0, 'var3': 187}, {'perk': 8304, 'var1': 9, 'var2': 4, 'var3': 5}], 'style': 8300}]",
0,0,5,0,0,10770,13,901,Smolder,0,0,4,1881,6385,1881,6734,0,4,3,2,0,True,0,0,False,True,False,False,False,True,0,10716,9225,0,BOTTOM,0,0,0,1055,3508,1038,3161,3158,1018,3364,18,2,10,BOTTOM,475,5,2,294,5089,2140,6616,0,4,0,0,0,0,0,3,4,0,88170,16219,7491,0,0,0,0,0,0,0,0,5389,0,U3fXW6HC3JpGV72px0i9_-yUAnXCClhqkhAUcatcwtso_1lzP9tp2sWU3RLL3Yugf4IuWbxJ-peSEA,0,2,BANGBANG,7999,CARRY,0,126,51,23,6,0,4,21,4,4,K-Awmc8YVtI9h0zevEK0ULdvOh6WqydZPrKOWpTkiGMvlpoi,312,,False,100,BOTTOM,6,1406,0,93834,18474,0,15435,4,3882,0,139,141,72,1,0,575,114,1327,2,2,2,0,0,19,3,4,5,True,NA1_5327494896,1406,CLASSIC,MATCHED_GAME,420,15.14.695.3589,1752806161530,1752807597273,5011,5008,5008,"[{'description': 'primaryStyle', 'selections': [{'perk': 8229, 'var1': 1063, 'var2': 0, 'var3': 0}, {'perk': 8226, 'var1': 250, 'var2': 69, 'var3': 0}, {'perk': 8233, 'var1': 14, 'var2': 40, 'var3': 0}, {'perk': 8237, 'var1': 488, 'var2': 0, 'var3': 0}], 'style': 8200}, {'description': 'subStyle', 'selections': [{'perk': 8345, 'var1': 3, 'var2': 0, 'var3': 192}, {'perk': 8304, 'var1': 8, 'var2': 1, 'var3': 5}], 'style': 8300}]",
0,0,9,0,0,14596,15,42,Corki,0,1,4,1261,13353,1261,17604,0,3,3,0,1,True,1,0,False,False,False,False,False,False,0,12658,12538,0,BOTTOM,0,0,3,1055,3078,3161,3042,3174,1018,3340,26,1,5,BOTTOM,256,4,1,1288,66731,6187,9450,0,38,0,1,0,0,0,3,9,0,105493,13424,15811,0,0,0,0,0,0,0,0,5389,0,U3fXW6HC3JpGV72px0i9_-yUAnXCClhqkhAUcatcwtso_1lzP9tp2sWU3RLL3Yugf4IuWbxJ-peSEA,0,0,BANGBANG,7999,CARRY,0,94,29,62,89,0,6,21,4,4,K-Awmc8YVtI9h0zevEK0ULdvOh6WqydZPrKOWpTkiGMvlpoi,312,,False,200,BOTTOM,0,1964,26,190083,22465,0,25473,6,6040,0,197,74,67,1,0,17858,2853,211,1,2,11,0,0,22,3,1,12,False,NA1_5326618681,1964,CLASSIC,MATCHED_GAME,420,15.14.695.3589,1752702086793,1752704079511,5011,5008,5005,"[{'description': 'primaryStyle', 'selections': [{'perk': 8010, 'var1': 51, 'var2': 0, 'var3': 0}, {'perk': 8009, 'var1': 2575, 'var2': 0, 'var3': 0}, {'perk': 9104, 'var1': 19, 'var2': 0, 'var3': 0}, {'perk': 8017, 'var1': 960, 'var2': 0, 'var3': 0}], 'style': 8000}, {'description': 'subStyle', 'selections': [{'perk': 8345, 'var1': 3, 'var2': 0, 'var3': 203}, {'perk': 8347, 'var1': 0, 'var2': 0, 'var3': 0}], 'style': 8300}]",
0,0,8,0,0,11261,13,901,Smolder,0,0,3,1620,8596,1620,6958,0,3,2,1,2,True,1,0,False,False,False,False,False,True,0,9675,7850,0,BOTTOM,0,0,0,1055,3508,3158,3161,1018,0,3340,17,2,6,BOTTOM,423,4,2,635,6959,2595,4483,0,16,0,0,0,0,0,1,4,0,100545,15589,10838,0,0,0,0,0,0,0,0,5389,0,U3fXW6HC3JpGV72px0i9_-yUAnXCClhqkhAUcatcwtso_1lzP9tp2sWU3RLL3Yugf4IuWbxJ-peSEA,0,0,BANGBANG,7999,CARRY,0,123,53,25,7,0,1,12,3,4,K-Awmc8YVtI9h0zevEK0ULdvOh6WqydZPrKOWpTkiGMvlpoi,311,,False,100,BOTTOM,7,1469,4,107846,18184,0,15635,4,3236,0,161,189,64,1,0,340,0,313,0,2,2,0,0,15,2,1,10,True,NA1_5326594474,1469,CLASSIC,MATCHED_GAME,420,15.14.695.3589,1752699545116,1752701033586,5011,5008,5008,"[{'description': 'primaryStyle', 'selections': [{'perk': 8229, 'var1': 1269, 'var2': 0, 'var3': 0}, {'perk': 8226, 'var1': 250, 'var2': 105, 'var3': 0}, {'perk': 8233, 'var1': 15, 'var2': 20, 'var3': 0}, {'perk': 8237, 'var1': 508, 'var2': 0, 'var3': 0}], 'style': 8200}, {'description': 'subStyle', 'selections': [{'perk': 8345, 'var1': 3, 'var2': 0, 'var3': 169}, {'perk': 8304, 'var1': 10, 'var2': 3, 'var3': 0}], 'style': 8300}]",
0,0,4,0,0,29450,18,122,Darius,0,10,6,5637,32979,5637,128770,0,9,3,5,2,True,1,0,False,False,False,False,False,False,0,22904,18458,0,TOP,0,0,1,3053,3078,4401,3742,3047,6333,3364,28,6,23,TOP,0,5,2,887,0,0,33350,0,43,0,1,0,0,0,8,1,0,267602,52462,32338,0,0,0,0,0,0,0,0,5389,3,U3fXW6HC3JpGV72px0i9_-yUAnXCClhqkhAUcatcwtso_1lzP9tp2sWU3RLL3Yugf4IuWbxJ-peSEA,0,1,BANGBANG,7999,SOLO,0,109,128,31,21,0,10,6,7,4,K-Awmc8YVtI9h0zevEK0ULdvOh6WqydZPrKOWpTkiGMvlpoi,311,,False,100,TOP,44,2744,16,289834,72371,0,71453,10,24181,0,238,293,422,1,0,22232,19908,5763,2,2,8,0,0,39,3,1,15,False,NA1_5325703660,2744,CLASSIC,MATCHED_GAME,420,15.13.693.4876,1752554345969,1752557116042,5001,5008,5005,"[{'description': 'primaryStyle', 'selections': [{'perk': 8010, 'var1': 2861, 'var2': 0, 'var3': 0}, {'perk': 9111, 'var1': 4741, 'var2': 540, 'var3': 0}, {'perk': 9105, 'var1': 15, 'var2': 40, 'var3': 0}, {'perk': 8299, 'var1': 4554, 'var2': 0, 'var3': 0}], 'style': 8000}, {'description': 'subStyle', 'selections': [{'perk': 8473, 'var1': 612, 'var2': 0, 'var3': 0}, {'perk': 8242, 'var1': 192, 'var2': 0, 'var3': 0}], 'style': 8400}]",
0,0,9,0,0,20107,18,112,Viktor,0,1,4,1098,7806,1098,22468,0,4,2,0,0,True,5,0,False,False,False,False,False,False,0,16157,15860,0,MIDDLE,0,0,1,4630,3157,3089,3020,4645,6655,3340,26,2,7,MIDDLE,0,5,1,1841,259890,36967,8108,0,32,0,1,0,0,0,3,3,0,18098,752,11027,0,0,0,0,0,0,0,0,5389,1,U3fXW6HC3JpGV72px0i9_-yUAnXCClhqkhAUcatcwtso_1lzP9tp2sWU3RLL3Yugf4IuWbxJ-peSEA,0,0,BANGBANG,7999,SOLO,0,132,31,136,20,0,4,12,4,4,K-Awmc8YVtI9h0zevEK0ULdvOh6WqydZPrKOWpTkiGMvlpoi,310,,False,100,MIDDLE,34,2432,26,281930,37719,0,20659,0,1827,0,246,1845,173,1,0,3942,0,1523,1,1,9,0,0,29,2,2,16,False,NA1_5296914091,2432,CLASSIC,MATCHED_GAME,420,15.10.680.4378,1748498079110,1748500527824,5001,5008,5005,"[{'description': 'primaryStyle', 'selections': [{'perk': 8214, 'var1': 2176, 'var2': 0, 'var3': 0}, {'perk': 8226, 'var1': 250, 'var2': 1611, 'var3': 0}, {'perk': 8210, 'var1': 18, 'var2': 0, 'var3': 0}, {'perk': 8237, 'var1': 900, 'var2': 0, 'var3': 0}], 'style': 8200}, {'description': 'subStyle', 'selections': [{'perk': 8473, 'var1': 1142, 'var2': 0, 'var3': 0}, {'perk': 8401, 'var1': 442, 'var2': 0, 'var3': 0}], 'style': 8400}]",
0,0,6,0,0,15135,16,42,Corki,0,2,6,3665,9116,3665,18259,0,6,5,0,0,True,2,0,False,False,False,False,False,False,0,12705,12433,0,BOTTOM,0,0,2,3094,3078,1037,3042,1018,3047,3363,28,1,4,BOTTOM,442,2,1,854,56950,6208,11546,0,16,0,1,0,0,0,3,4,0,115565,17220,13759,0,0,0,0,0,0,0,0,5389,0,U3fXW6HC3JpGV72px0i9_-yUAnXCClhqkhAUcatcwtso_1lzP9tp2sWU3RLL3Yugf4IuWbxJ-peSEA,0,1,BANGBANG,7999,SOLO,0,82,22,59,98,0,7,21,3,4,K-Awmc8YVtI9h0zevEK0ULdvOh6WqydZPrKOWpTkiGMvlpoi,308,prallen ,False,100,BOTTOM,0,2166,9,194785,26123,0,27073,4,4343,0,220,6,189,1,0,22270,2694,1767,0,1,9,0,0,29,5,3,14,False,NA1_5186020870,2166,CLASSIC,MATCHED_GAME,420,14.24.644.2327,1734611715053,1734613912471,5011,5008,5005,"[{'description': 'primaryStyle', 'selections': [{'perk': 8010, 'var1': 176, 'var2': 0, 'var3': 0}, {'perk': 8009, 'var1': 2491, 'var2': 0, 'var3': 0}, {'perk': 9104, 'var1': 20, 'var2': 0, 'var3': 0}, {'perk': 8017, 'var1': 1043, 'var2': 0, 'var3': 0}], 'style': 8000}, {'description': 'subStyle', 'selections': [{'perk': 8345, 'var1': 3, 'var2': 0, 'var3': 123}, {'perk': 8316, 'var1': 9, 'var2': 10, 'var3': 0}], 'style': 8300}]",4.0
0,3,16,1,0,20209,18,22,Ashe,0,2,5,3851,41752,3851,16640,0,2,4,0,0,True,2,0,True,False,False,False,False,False,0,17605,15530,0,BOTTOM,0,0,1,3033,6672,3072,3006,2019,3046,3340,29,1,11,BOTTOM,500,9,1,1854,2989,2989,9019,0,24,0,0,0,0,0,4,9,0,239754,37206,8145,0,0,0,0,0,0,0,0,5389,1,U3fXW6HC3JpGV72px0i9_-yUAnXCClhqkhAUcatcwtso_1lzP9tp2sWU3RLL3Yugf4IuWbxJ-peSEA,0,2,BANGBANG,7999,CARRY,0,69,104,18,11,0,5,21,4,4,K-Awmc8YVtI9h0zevEK0ULdvOh6WqydZPrKOWpTkiGMvlpoi,306,prallen ,False,200,BOTTOM,64,2367,6,271311,41318,0,17943,6,5989,0,231,1014,108,1,0,28567,1122,777,2,2,7,0,0,35,4,2,15,True,NA1_5179169190,2367,CLASSIC,MATCHED_GAME,420,14.24.642.1879,1733937666097,1733940199058,5011,5008,5005,"[{'description': 'primaryStyle', 'selections': [{'perk': 8008, 'var1': 1879, 'var2': 1879, 'var3': 0}, {'perk': 8009, 'var1': 2942, 'var2': 0, 'var3': 0}, {'perk': 9104, 'var1': 15, 'var2': 30, 'var3': 0}, {'perk': 8017, 'var1': 1668, 'var2': 0, 'var3': 0}], 'style': 8000}, {'description': 'subStyle', 'selections': [{'perk': 5005, 'var1': 0, 'var2': 0, 'var3': 0}, {'perk': 5008, 'var1': 0, 'var2': 0, 'var3': 0}], 'style': 8300}]",11.0
0,0,1,0,0,9956,12,119,Draven,0,3,4,2315,3360,2315,10533,0,6,3,0,0,True,1,0,False,False,False,False,False,False,0,11731,11025,0,BOTTOM,0,0,2,1055,6697,1018,6676,1001,3072,3340,18,2,7,BOTTOM,847,2,1,341,0,0,6840,0,0,0,1,0,0,0,1,4,0,104112,16737,8504,0,0,0,0,0,0,0,0,5389,0,U3fXW6HC3JpGV72px0i9_-yUAnXCClhqkhAUcatcwtso_1lzP9tp2sWU3RLL3Yugf4IuWbxJ-peSEA,0,0,BANGBANG,7999,CARRY,0,52,49,14,7,0,4,21,3,4,K-Awmc8YVtI9h0zevEK0ULdvOh6WqydZPrKOWpTkiGMvlpoi,306,prallen ,False,100,BOTTOM,11,1421,0,109984,16764,0,15664,0,2690,0,176,71,144,1,0,5872,27,319,1,1,9,0,0,14,3,2,8,False,NA1_5179143644,1421,CLASSIC,MATCHED_GAME,420,14.24.642.1879,1733934134217,1733935763467,5011,5008,5005,"[{'description': 'primaryStyle', 'selections': [{'perk': 8008, 'var1': 75, 'var2': 75, 'var3': 0}, {'perk': 8009, 'var1': 942, 'var2': 0, 'var3': 0}, {'perk': 9104, 'var1': 17, 'var2': 40, 'var3': 0}, {'perk': 8299, 'var1': 274, 'var2': 0, 'var3': 0}], 'style': 8000}, {'description': 'subStyle', 'selections': [{'perk': 5005, 'var1': 0, 'var2': 0, 'var3': 0}, {'perk': 5008, 'var1': 0, 'var2': 0, 'var3': 0}], 'style': 8100}]",7.0
0,0,10,1,0,26685,18,119,Draven,0,3,4,4108,20460,4108,24511,0,8,2,1,0,True,1,0,False,False,False,False,False,False,0,25816,25030,0,BOTTOM,0,0,7,3072,3031,3036,6676,3172,6697,3364,27,2,13,BOTTOM,1677,7,2,930,0,0,15670,0,22,0,1,0,0,0,1,4,0,460843,34978,20365,0,0,0,0,0,0,0,0,5389,0,U3fXW6HC3JpGV72px0i9_-yUAnXCClhqkhAUcatcwtso_1lzP9tp2sWU3RLL3Yugf4IuWbxJ-peSEA,0,0,BangBang,6988,CARRY,0,177,157,26,17,0,7,21,5,4,K-Awmc8YVtI9h0zevEK0ULdvOh6WqydZPrKOWpTkiGMvlpoi,302,prallen ,False,100,BOTTOM,13,2728,10,484633,35391,0,36848,0,14580,0,321,124,210,1,0,23789,413,812,1,1,11,0,0,26,2,1,6,False,NA1_5144202783,2728,CLASSIC,MATCHED_GAME,420,14.21.630.3012,1730356130086,1730358878799,5001,5008,5005,"[{'description': 'primaryStyle', 'selections': [{'perk': 9923, 'var1': 64, 'var2': 79, 'var3': 0}, {'perk': 8139, 'var1': 1323, 'var2': 0, 'var3': 0}, {'perk': 8138, 'var1': 18, 'var2': 0, 'var3': 0}, {'perk': 8135, 'var1': 450, 'var2': 5, 'var3': 0}], 'style': 8100}, {'description': 'subStyle', 'selections': [{'perk': 8009, 'var1': 2699, 'var2': 0, 'var3': 0}, {'perk': 8014, 'var1': 938, 'var2': 0, 'var3': 0}], 'style': 8000}]",13.0
0,0,3,0,0,12707,14,112,Viktor,0,0,5,0,0,0,8899,0,2,3,0,0,True,2,0,False,False,False,False,False,True,0,9703,8975,0,MIDDLE,0,0,1,1056,6655,3145,3020,3100,0,3364,22,1,4,MIDDLE,0,3,1,1191,112941,18602,7021,0,0,0,0,0,0,0,1,3,0,11515,426,5119,0,0,0,0,0,0,0,0,5389,0,U3fXW6HC3JpGV72px0i9_-yUAnXCClhqkhAUcatcwtso_1lzP9tp2sWU3RLL3Yugf4IuWbxJ-peSEA,0,0,BangBang,6988,SOLO,0,71,12,84,11,0,1,12,3,4,K-Awmc8YVtI9h0zevEK0ULdvOh6WqydZPrKOWpTkiGMvlpoi,302,prallen ,False,100,MIDDLE,11,1539,0,124457,19029,0,12787,0,2070,0,187,138,41,1,0,0,0,646,0,0,8,0,0,21,3,1,10,False,NA1_5144184455,1539,CLASSIC,MATCHED_GAME,420,14.21.630.3012,1730354164566,1730355796742,5001,5008,5005,"[{'description': 'primaryStyle', 'selections': [{'perk': 8128, 'var1': 341, 'var2': 8, 'var3': 0}, {'perk': 8139, 'var1': 908, 'var2': 0, 'var3': 0}, {'perk': 8138, 'var1': 14, 'var2': 0, 'var3': 0}, {'perk': 8106, 'var1': 3, 'var2': 21, 'var3': 0}], 'style': 8100}, {'description': 'subStyle', 'selections': [{'perk': 8226, 'var1': 250, 'var2': 1124, 'var3': 0}, {'perk': 8236, 'var1': 24, 'var2': 0, 'var3': 0}], 'style': 8200}]",4.0
